indicator,type,family,reference,description
lab[.]loomweather[.]one,domain,revstealer,https://www.elastic.co/security-labs/threat-command/revstealer-credential-harvesting-infostealer,Banner hash pivot; VirusTotal relations pivot
ops4[.]coralpark[.]xyz,domain,revstealer,https://www.elastic.co/security-labs/threat-command/revstealer-credential-harvesting-infostealer,Banner hash pivot; VirusTotal relations pivot
pull[.]alpha-zone[.]click,domain,revstealer,https://www.elastic.co/security-labs/threat-command/revstealer-credential-harvesting-infostealer,Banner hash pivot; VirusTotal relations pivot
push[.]brewtrail[.]click,domain,revstealer,https://www.elastic.co/security-labs/threat-command/revstealer-credential-harvesting-infostealer,Banner hash pivot; VirusTotal relations pivot
push[.]pixelplaza[.]click,domain,revstealer,https://www.elastic.co/security-labs/threat-command/revstealer-credential-harvesting-infostealer,Banner hash pivot; VirusTotal relations pivot
scan[.]civicblaze[.]click,domain,revstealer,https://www.elastic.co/security-labs/threat-command/revstealer-credential-harvesting-infostealer,Banner hash pivot; VirusTotal relations pivot
scheduler[.]civic-team[.]xyz,domain,revstealer,https://www.elastic.co/security-labs/threat-command/revstealer-credential-harvesting-infostealer,Banner hash pivot; VirusTotal relations pivot
setup[.]waveboard[.]one,domain,revstealer,https://www.elastic.co/security-labs/threat-command/revstealer-credential-harvesting-infostealer,Banner hash pivot; VirusTotal relations pivot
admin[.]topsite[.]one,domain,revstealer,https://www.elastic.co/security-labs/threat-command/revstealer-credential-harvesting-infostealer,Banner hash pivot; VirusTotal relations pivot
api[.]tphost[.]in,domain,revstealer,https://www.elastic.co/security-labs/threat-command/revstealer-credential-harvesting-infostealer,Banner hash pivot
gate[.]steadygroup[.]xyz,domain,revstealer,https://www.elastic.co/security-labs/threat-command/revstealer-credential-harvesting-infostealer,Banner hash pivot; VirusTotal relations pivot
heliospay88[.]com,domain,revstealer,https://www.elastic.co/security-labs/threat-command/revstealer-credential-harvesting-infostealer,Banner hash pivot
monitor5[.]roast-core85[.]click,domain,revstealer,https://www.elastic.co/security-labs/threat-command/revstealer-credential-harvesting-infostealer,Banner hash pivot; VirusTotal relations pivot
pool8[.]reefapp[.]lol,domain,revstealer,https://www.elastic.co/security-labs/threat-command/revstealer-credential-harvesting-infostealer,Banner hash pivot; VirusTotal relations pivot
portal[.]framerun[.]click,domain,revstealer,https://www.elastic.co/security-labs/threat-command/revstealer-credential-harvesting-infostealer,Banner hash pivot; VirusTotal relations pivot
setup[.]explore-store[.]xyz,domain,revstealer,https://www.elastic.co/security-labs/threat-command/revstealer-credential-harvesting-infostealer,Banner hash pivot; VirusTotal relations pivot
status7[.]skypress[.]click,domain,revstealer,https://www.elastic.co/security-labs/threat-command/revstealer-credential-harvesting-infostealer,Banner hash pivot; VirusTotal relations pivot
trace[.]lunartempo[.]xyz,domain,revstealer,https://www.elastic.co/security-labs/threat-command/revstealer-credential-harvesting-infostealer,Banner hash pivot; VirusTotal relations pivot
web[.]zencourt[.]lol,domain,revstealer,https://www.elastic.co/security-labs/threat-command/revstealer-credential-harvesting-infostealer,Banner hash pivot; VirusTotal relations pivot
api[.]flexisoftwarebd[.]com,domain,revstealer,https://www.elastic.co/security-labs/threat-command/revstealer-credential-harvesting-infostealer,Banner hash pivot
api[.]ztdeye[.]com,domain,revstealer,https://www.elastic.co/security-labs/threat-command/revstealer-credential-harvesting-infostealer,Banner hash pivot
bridge[.]garden-pixel[.]one,domain,revstealer,https://www.elastic.co/security-labs/threat-command/revstealer-credential-harvesting-infostealer,Banner hash pivot; VirusTotal relations pivot
core[.]coachdesk[.]click,domain,revstealer,https://www.elastic.co/security-labs/threat-command/revstealer-credential-harvesting-infostealer,Banner hash pivot; VirusTotal relations pivot
meta[.]calmshelf67[.]xyz,domain,revstealer,https://www.elastic.co/security-labs/threat-command/revstealer-credential-harvesting-infostealer,Banner hash pivot; VirusTotal relations pivot; Resolved to 104.143.36.164
prod[.]commonsource14[.]click,domain,revstealer,https://www.elastic.co/security-labs/threat-command/revstealer-credential-harvesting-infostealer,Banner hash pivot; VirusTotal relations pivot
resolve[.]mint-screen[.]xyz,domain,revstealer,https://www.elastic.co/security-labs/threat-command/revstealer-credential-harvesting-infostealer,Banner hash pivot; VirusTotal relations pivot
route4[.]modellab84[.]xyz,domain,revstealer,https://www.elastic.co/security-labs/threat-command/revstealer-credential-harvesting-infostealer,Banner hash pivot; VirusTotal relations pivot
scan[.]journalfleet[.]lol,domain,revstealer,https://www.elastic.co/security-labs/threat-command/revstealer-credential-harvesting-infostealer,Banner hash pivot; VirusTotal relations pivot
sciencepulse[.]net,domain,revstealer,https://www.elastic.co/security-labs/threat-command/revstealer-credential-harvesting-infostealer,Banner hash pivot
stage6[.]stillpath8[.]one,domain,revstealer,https://www.elastic.co/security-labs/threat-command/revstealer-credential-harvesting-infostealer,Banner hash pivot; VirusTotal relations pivot
beta[.]oak-den84[.]one,domain,revstealer,https://www.elastic.co/security-labs/threat-command/revstealer-credential-harvesting-infostealer,Banner hash pivot; VirusTotal relations pivot
bridge7[.]warmtools[.]one,domain,revstealer,https://www.elastic.co/security-labs/threat-command/revstealer-credential-harvesting-infostealer,Banner hash pivot; VirusTotal relations pivot
elastic[.]madispace[.]net,domain,revstealer,https://www.elastic.co/security-labs/threat-command/revstealer-credential-harvesting-infostealer,Banner hash pivot
madispace[.]net,domain,revstealer,https://www.elastic.co/security-labs/threat-command/revstealer-credential-harvesting-infostealer,Banner hash pivot
search[.]cekpejabat[.]id,domain,revstealer,https://www.elastic.co/security-labs/threat-command/revstealer-credential-harvesting-infostealer,Banner hash pivot
task[.]pantryly83[.]one,domain,revstealer,https://www.elastic.co/security-labs/threat-command/revstealer-credential-harvesting-infostealer,Banner hash pivot; VirusTotal relations pivot
watch[.]harvestbazaar[.]click,domain,revstealer,https://www.elastic.co/security-labs/threat-command/revstealer-credential-harvesting-infostealer,Banner hash pivot; VirusTotal relations pivot
www[.]snimeibot[.]com,domain,revstealer,https://www.elastic.co/security-labs/threat-command/revstealer-credential-harvesting-infostealer,Banner hash pivot
api[.]mavekite[.]com,domain,revstealer,https://www.elastic.co/security-labs/threat-command/revstealer-credential-harvesting-infostealer,Banner hash pivot
assets5[.]frameai35[.]xyz,domain,revstealer,https://www.elastic.co/security-labs/threat-command/revstealer-credential-harvesting-infostealer,Banner hash pivot; VirusTotal relations pivot
config[.]cove-post[.]xyz,domain,revstealer,https://www.elastic.co/security-labs/threat-command/revstealer-credential-harvesting-infostealer,Banner hash pivot; VirusTotal relations pivot
fastmoneyflux[.]com,domain,revstealer,https://www.elastic.co/security-labs/threat-command/revstealer-credential-harvesting-infostealer,Banner hash pivot
ftp[.]makave[.]us,domain,revstealer,https://www.elastic.co/security-labs/threat-command/revstealer-credential-harvesting-infostealer,Banner hash pivot
queue8[.]vibepulse[.]one,domain,revstealer,https://www.elastic.co/security-labs/threat-command/revstealer-credential-harvesting-infostealer,Banner hash pivot; VirusTotal relations pivot
report[.]clearlens[.]click,domain,revstealer,https://www.elastic.co/security-labs/threat-command/revstealer-credential-harvesting-infostealer,Banner hash pivot; VirusTotal relations pivot
sr21[.]sikhsforjustice[.]org,domain,revstealer,https://www.elastic.co/security-labs/threat-command/revstealer-credential-harvesting-infostealer,Banner hash pivot
stage[.]mycourt33[.]click,domain,revstealer,https://www.elastic.co/security-labs/threat-command/revstealer-credential-harvesting-infostealer,Banner hash pivot; VirusTotal relations pivot
test[.]kilnteam35[.]click,domain,revstealer,https://www.elastic.co/security-labs/threat-command/revstealer-credential-harvesting-infostealer,Banner hash pivot; VirusTotal relations pivot
api[.]yakohotspot[.]co[.]tz,domain,revstealer,https://www.elastic.co/security-labs/threat-command/revstealer-credential-harvesting-infostealer,Banner hash pivot
beta9[.]coralfabric[.]one,domain,revstealer,https://www.elastic.co/security-labs/threat-command/revstealer-credential-harvesting-infostealer,Banner hash pivot; VirusTotal relations pivot
gate[.]voyagezone[.]click,domain,revstealer,https://www.elastic.co/security-labs/threat-command/revstealer-credential-harvesting-infostealer,Banner hash pivot; VirusTotal relations pivot
meta2[.]go-tools[.]click,domain,revstealer,https://www.elastic.co/security-labs/threat-command/revstealer-credential-harvesting-infostealer,Banner hash pivot; VirusTotal relations pivot
relay7[.]apiforge[.]click,domain,revstealer,https://www.elastic.co/security-labs/threat-command/revstealer-credential-harvesting-infostealer,Banner hash pivot; VirusTotal relations pivot
core2[.]craft-hq19[.]one,domain,revstealer,https://www.elastic.co/security-labs/threat-command/revstealer-credential-harvesting-infostealer,Banner hash pivot; VirusTotal relations pivot
health[.]sigmacoast[.]one,domain,revstealer,https://www.elastic.co/security-labs/threat-command/revstealer-credential-harvesting-infostealer,Banner hash pivot; VirusTotal relations pivot
health0[.]pinetile86[.]click,domain,revstealer,https://www.elastic.co/security-labs/threat-command/revstealer-credential-harvesting-infostealer,Banner hash pivot; VirusTotal relations pivot
log[.]neonhq[.]xyz,domain,revstealer,https://www.elastic.co/security-labs/threat-command/revstealer-credential-harvesting-infostealer,Banner hash pivot; VirusTotal relations pivot
pull7[.]motiondepot[.]one,domain,revstealer,https://www.elastic.co/security-labs/threat-command/revstealer-credential-harvesting-infostealer,Banner hash pivot; VirusTotal relations pivot
watch7[.]deepclimate[.]click,domain,revstealer,https://www.elastic.co/security-labs/threat-command/revstealer-credential-harvesting-infostealer,Banner hash pivot; VirusTotal relations pivot
edge1[.]gentleline[.]click,domain,revstealer,https://www.elastic.co/security-labs/threat-command/revstealer-credential-harvesting-infostealer,Banner hash pivot; VirusTotal relations pivot
node3[.]meadowrhythm[.]xyz,domain,revstealer,https://www.elastic.co/security-labs/threat-command/revstealer-credential-harvesting-infostealer,Banner hash pivot; VirusTotal relations pivot
ops[.]canvascampus[.]xyz,domain,revstealer,https://www.elastic.co/security-labs/threat-command/revstealer-credential-harvesting-infostealer,Banner hash pivot; VirusTotal relations pivot
queue[.]cdnbazaar[.]xyz,domain,revstealer,https://www.elastic.co/security-labs/threat-command/revstealer-credential-harvesting-infostealer,Banner hash pivot; VirusTotal relations pivot
sancamilowebhook[.]nexbu[.]cloud,domain,revstealer,https://www.elastic.co/security-labs/threat-command/revstealer-credential-harvesting-infostealer,Banner hash pivot
sso[.]northjournal[.]one,domain,revstealer,https://www.elastic.co/security-labs/threat-command/revstealer-credential-harvesting-infostealer,Banner hash pivot; VirusTotal relations pivot
health[.]harborcoast[.]xyz,domain,revstealer,https://www.elastic.co/security-labs/threat-command/revstealer-credential-harvesting-infostealer,Banner hash pivot; VirusTotal relations pivot
main[.]commontexture76[.]one,domain,revstealer,https://www.elastic.co/security-labs/threat-command/revstealer-credential-harvesting-infostealer,Banner hash pivot; VirusTotal relations pivot
prod5[.]data-square[.]click,domain,revstealer,https://www.elastic.co/security-labs/threat-command/revstealer-credential-harvesting-infostealer,Banner hash pivot; VirusTotal relations pivot
4b[.]heliospay88[.]com,domain,revstealer,https://www.elastic.co/security-labs/threat-command/revstealer-credential-harvesting-infostealer,Banner hash pivot
audit[.]techreef[.]one,domain,revstealer,https://www.elastic.co/security-labs/threat-command/revstealer-credential-harvesting-infostealer,Banner hash pivot; VirusTotal relations pivot
core[.]adukonten[.]id,domain,revstealer,https://www.elastic.co/security-labs/threat-command/revstealer-credential-harvesting-infostealer,Banner hash pivot
deploy[.]works-rhythm8[.]click,domain,revstealer,https://www.elastic.co/security-labs/threat-command/revstealer-credential-harvesting-infostealer,Banner hash pivot; VirusTotal relations pivot
dev2[.]kitchensignal[.]click,domain,revstealer,https://www.elastic.co/security-labs/threat-command/revstealer-credential-harvesting-infostealer,Banner hash pivot; VirusTotal relations pivot
relay0[.]aquadisplay[.]lol,domain,revstealer,https://www.elastic.co/security-labs/threat-command/revstealer-credential-harvesting-infostealer,Banner hash pivot; VirusTotal relations pivot
route[.]ambergroup[.]one,domain,revstealer,https://www.elastic.co/security-labs/threat-command/revstealer-credential-harvesting-infostealer,Banner hash pivot; VirusTotal relations pivot
api[.]atlasbyte[.]xyz,domain,revstealer,https://www.elastic.co/security-labs/threat-command/revstealer-credential-harvesting-infostealer,Banner hash pivot; VirusTotal relations pivot
catalog3[.]calmtexture[.]click,domain,revstealer,https://www.elastic.co/security-labs/threat-command/revstealer-credential-harvesting-infostealer,Banner hash pivot; VirusTotal relations pivot
test[.]iihdev[.]com,domain,revstealer,https://www.elastic.co/security-labs/threat-command/revstealer-credential-harvesting-infostealer,Banner hash pivot
files4[.]jade-hub[.]click,domain,revstealer,https://www.elastic.co/security-labs/threat-command/revstealer-credential-harvesting-infostealer,Banner hash pivot; VirusTotal relations pivot
api[.]pinmediahub[.]com,domain,revstealer,https://www.elastic.co/security-labs/threat-command/revstealer-credential-harvesting-infostealer,Banner hash pivot
meta[.]bench-grid[.]one,domain,revstealer,https://www.elastic.co/security-labs/threat-command/revstealer-credential-harvesting-infostealer,Banner hash pivot; VirusTotal relations pivot
registry[.]lighttexture18[.]one,domain,revstealer,https://www.elastic.co/security-labs/threat-command/revstealer-credential-harvesting-infostealer,Banner hash pivot; VirusTotal relations pivot
dns[.]frame-works[.]click,domain,revstealer,https://www.elastic.co/security-labs/threat-command/revstealer-credential-harvesting-infostealer,Banner hash pivot; VirusTotal relations pivot
lookup[.]hazelshelf[.]xyz,domain,revstealer,https://www.elastic.co/security-labs/threat-command/revstealer-credential-harvesting-infostealer,Banner hash pivot; VirusTotal relations pivot
admin9[.]planden35[.]click,domain,revstealer,https://www.elastic.co/security-labs/threat-command/revstealer-credential-harvesting-infostealer,Banner hash pivot; VirusTotal relations pivot
job[.]coast-space[.]lol,domain,revstealer,https://www.elastic.co/security-labs/threat-command/revstealer-credential-harvesting-infostealer,Banner hash pivot; VirusTotal relations pivot
upload[.]frame-quest[.]lol,domain,revstealer,https://www.elastic.co/security-labs/threat-command/revstealer-credential-harvesting-infostealer,Banner hash pivot; VirusTotal relations pivot
guard[.]warm-climate[.]click,domain,revstealer,https://www.elastic.co/security-labs/threat-command/revstealer-credential-harvesting-infostealer,Banner hash pivot; VirusTotal relations pivot
board8[.]creekpath[.]lol,domain,revstealer,https://www.elastic.co/security-labs/threat-command/revstealer-credential-harvesting-infostealer,Banner hash pivot; VirusTotal relations pivot
cache[.]coastpilot[.]lol,domain,revstealer,https://www.elastic.co/security-labs/threat-command/revstealer-credential-harvesting-infostealer,Banner hash pivot; VirusTotal relations pivot
edge[.]ivorytexture[.]lol,domain,revstealer,https://www.elastic.co/security-labs/threat-command/revstealer-credential-harvesting-infostealer,Banner hash pivot; VirusTotal relations pivot
hw[.]hexatecha[.]com,domain,revstealer,https://www.elastic.co/security-labs/threat-command/revstealer-credential-harvesting-infostealer,Banner hash pivot
ping[.]node-stock[.]lol,domain,revstealer,https://www.elastic.co/security-labs/threat-command/revstealer-credential-harvesting-infostealer,Banner hash pivot; VirusTotal relations pivot
ping0[.]aqua-grid77[.]xyz,domain,revstealer,https://www.elastic.co/security-labs/threat-command/revstealer-credential-harvesting-infostealer,Banner hash pivot; VirusTotal relations pivot
serve0[.]omega-fabric41[.]lol,domain,revstealer,https://www.elastic.co/security-labs/threat-command/revstealer-credential-harvesting-infostealer,Banner hash pivot; VirusTotal relations pivot
sync[.]northform[.]click,domain,revstealer,https://www.elastic.co/security-labs/threat-command/revstealer-credential-harvesting-infostealer,Banner hash pivot; VirusTotal relations pivot
trace[.]novagarden[.]lol,domain,revstealer,https://www.elastic.co/security-labs/threat-command/revstealer-credential-harvesting-infostealer,Banner hash pivot; VirusTotal relations pivot
fixmyjourney[.]com,domain,revstealer,https://www.elastic.co/security-labs/threat-command/revstealer-credential-harvesting-infostealer,Banner hash pivot
grab-offers[.]fixmyjourney[.]com,domain,revstealer,https://www.elastic.co/security-labs/threat-command/revstealer-credential-harvesting-infostealer,Banner hash pivot
cpcontacts[.]fixmyjourney[.]com,domain,revstealer,https://www.elastic.co/security-labs/threat-command/revstealer-credential-harvesting-infostealer,Banner hash pivot
easypay4u-net[.]fixmyjourney[.]com,domain,revstealer,https://www.elastic.co/security-labs/threat-command/revstealer-credential-harvesting-infostealer,Banner hash pivot
cheapestflighttickets-co[.]fixmyjourney[.]com,domain,revstealer,https://www.elastic.co/security-labs/threat-command/revstealer-credential-harvesting-infostealer,Banner hash pivot
autodiscover[.]fixmyjourney[.]com,domain,revstealer,https://www.elastic.co/security-labs/threat-command/revstealer-credential-harvesting-infostealer,Banner hash pivot
webdisk[.]fixmyjourney[.]com,domain,revstealer,https://www.elastic.co/security-labs/threat-command/revstealer-credential-harvesting-infostealer,Banner hash pivot
abue[.]ypaaumpkif[.]xyz,domain,revstealer,https://www.elastic.co/security-labs/threat-command/revstealer-credential-harvesting-infostealer,VirusTotal relations pivot
auth[.]commonup[.]click,domain,revstealer,https://www.elastic.co/security-labs/threat-command/revstealer-credential-harvesting-infostealer,VirusTotal relations pivot; Resolved to 104.143.36.164
beta[.]local-screen[.]click,domain,revstealer,https://www.elastic.co/security-labs/threat-command/revstealer-credential-harvesting-infostealer,VirusTotal relations pivot
beta[.]smartcore[.]click,domain,revstealer,https://www.elastic.co/security-labs/threat-command/revstealer-credential-harvesting-infostealer,VirusTotal relations pivot
build0[.]coreworks72[.]xyz,domain,revstealer,https://www.elastic.co/security-labs/threat-command/revstealer-credential-harvesting-infostealer,VirusTotal relations pivot
build7[.]mint-forge[.]sbs,domain,revstealer,https://www.elastic.co/security-labs/threat-command/revstealer-credential-harvesting-infostealer,VirusTotal relations pivot
cdn[.]deltapress[.]one,domain,revstealer,https://www.elastic.co/security-labs/threat-command/revstealer-credential-harvesting-infostealer,VirusTotal relations pivot
content[.]lakepeak[.]lol,domain,revstealer,https://www.elastic.co/security-labs/threat-command/revstealer-credential-harvesting-infostealer,VirusTotal relations pivot
cron6[.]health-ly[.]lol,domain,revstealer,https://www.elastic.co/security-labs/threat-command/revstealer-credential-harvesting-infostealer,VirusTotal relations pivot
dash[.]craftlayer[.]click,domain,revstealer,https://www.elastic.co/security-labs/threat-command/revstealer-credential-harvesting-infostealer,VirusTotal relations pivot
dash[.]scout-lens34[.]xyz,domain,revstealer,https://www.elastic.co/security-labs/threat-command/revstealer-credential-harvesting-infostealer,VirusTotal relations pivot
deploy[.]coast-weave[.]xyz,domain,revstealer,https://www.elastic.co/security-labs/threat-command/revstealer-credential-harvesting-infostealer,VirusTotal relations pivot
deploy[.]covespace[.]xyz,domain,revstealer,https://www.elastic.co/security-labs/threat-command/revstealer-credential-harvesting-infostealer,VirusTotal relations pivot
dns[.]jadedock43[.]monster,domain,revstealer,https://www.elastic.co/security-labs/threat-command/revstealer-credential-harvesting-infostealer,VirusTotal relations pivot
docs[.]procrew95[.]xyz,domain,revstealer,https://www.elastic.co/security-labs/threat-command/revstealer-credential-harvesting-infostealer,VirusTotal relations pivot
edge[.]amberreport[.]one,domain,revstealer,https://www.elastic.co/security-labs/threat-command/revstealer-credential-harvesting-infostealer,VirusTotal relations pivot; Resolved to 104.143.36.164
edge[.]kitchencraft[.]lol,domain,revstealer,https://www.elastic.co/security-labs/threat-command/revstealer-credential-harvesting-infostealer,VirusTotal relations pivot
event[.]amberbox[.]one,domain,revstealer,https://www.elastic.co/security-labs/threat-command/revstealer-credential-harvesting-infostealer,VirusTotal relations pivot
event[.]wanderwest[.]one,domain,revstealer,https://www.elastic.co/security-labs/threat-command/revstealer-credential-harvesting-infostealer,VirusTotal relations pivot
fantom-mainnet[.]xdefiservices[.]com,domain,revstealer,https://www.elastic.co/security-labs/threat-command/revstealer-credential-harvesting-infostealer,VirusTotal relations pivot
health[.]duskpoint27[.]click,domain,revstealer,https://www.elastic.co/security-labs/threat-command/revstealer-credential-harvesting-infostealer,VirusTotal relations pivot
health[.]hazelkit[.]one,domain,revstealer,https://www.elastic.co/security-labs/threat-command/revstealer-credential-harvesting-infostealer,VirusTotal relations pivot
index[.]gentle-weekly[.]lol,domain,revstealer,https://www.elastic.co/security-labs/threat-command/revstealer-credential-harvesting-infostealer,VirusTotal relations pivot
index[.]ridgefield[.]lol,domain,revstealer,https://www.elastic.co/security-labs/threat-command/revstealer-credential-harvesting-infostealer,VirusTotal relations pivot
lab6[.]skyquest[.]sbs,domain,revstealer,https://www.elastic.co/security-labs/threat-command/revstealer-credential-harvesting-infostealer,VirusTotal relations pivot
link9[.]prime-track[.]xyz,domain,revstealer,https://www.elastic.co/security-labs/threat-command/revstealer-credential-harvesting-infostealer,VirusTotal relations pivot
live[.]zen-bridge[.]one,domain,revstealer,https://www.elastic.co/security-labs/threat-command/revstealer-credential-harvesting-infostealer,VirusTotal relations pivot
live0[.]bitstage16[.]click,domain,revstealer,https://www.elastic.co/security-labs/threat-command/revstealer-credential-harvesting-infostealer,VirusTotal relations pivot
metric[.]cdnfair[.]one,domain,revstealer,https://www.elastic.co/security-labs/threat-command/revstealer-credential-harvesting-infostealer,VirusTotal relations pivot
metric[.]mentorcreek25[.]lol,domain,revstealer,https://www.elastic.co/security-labs/threat-command/revstealer-credential-harvesting-infostealer,VirusTotal relations pivot
metric[.]mintweekly[.]click,domain,revstealer,https://www.elastic.co/security-labs/threat-command/revstealer-credential-harvesting-infostealer,VirusTotal relations pivot
metric3[.]viberun[.]lol,domain,revstealer,https://www.elastic.co/security-labs/threat-command/revstealer-credential-harvesting-infostealer,VirusTotal relations pivot
monitor9[.]easttrail5[.]xyz,domain,revstealer,https://www.elastic.co/security-labs/threat-command/revstealer-credential-harvesting-infostealer,VirusTotal relations pivot
msgbe[.]nuxbzyyzse[.]xyz,domain,revstealer,https://www.elastic.co/security-labs/threat-command/revstealer-credential-harvesting-infostealer,VirusTotal relations pivot
node[.]gentleroom[.]lol,domain,revstealer,https://www.elastic.co/security-labs/threat-command/revstealer-credential-harvesting-infostealer,VirusTotal relations pivot
node[.]rubystore[.]one,domain,revstealer,https://www.elastic.co/security-labs/threat-command/revstealer-credential-harvesting-infostealer,VirusTotal relations pivot; Resolved to 104.143.36.164
polygon[.]qbetfhwz[.]xyz,domain,revstealer,https://www.elastic.co/security-labs/threat-command/revstealer-credential-harvesting-infostealer,VirusTotal relations pivot
polygon[.]sqhmsosbk[.]xyz,domain,revstealer,https://www.elastic.co/security-labs/threat-command/revstealer-credential-harvesting-infostealer,VirusTotal relations pivot
portal[.]wellness-canvas[.]click,domain,revstealer,https://www.elastic.co/security-labs/threat-command/revstealer-credential-harvesting-infostealer,VirusTotal relations pivot
prod[.]peakyard[.]xyz,domain,revstealer,https://www.elastic.co/security-labs/threat-command/revstealer-credential-harvesting-infostealer,VirusTotal relations pivot
proxy[.]everatlas[.]lol,domain,revstealer,https://www.elastic.co/security-labs/threat-command/revstealer-credential-harvesting-infostealer,VirusTotal relations pivot
proxy[.]oneterrace[.]one,domain,revstealer,https://www.elastic.co/security-labs/threat-command/revstealer-credential-harvesting-infostealer,VirusTotal relations pivot
public[.]1rpc[.]io,domain,revstealer,https://www.elastic.co/security-labs/threat-command/revstealer-credential-harvesting-infostealer,VirusTotal relations pivot
pull[.]myview80[.]xyz,domain,revstealer,https://www.elastic.co/security-labs/threat-command/revstealer-credential-harvesting-infostealer,VirusTotal relations pivot
pull[.]valley-screen[.]click,domain,revstealer,https://www.elastic.co/security-labs/threat-command/revstealer-credential-harvesting-infostealer,VirusTotal relations pivot; Resolved to 104.143.36.164
pull2[.]prime-grid[.]click,domain,revstealer,https://www.elastic.co/security-labs/threat-command/revstealer-credential-harvesting-infostealer,VirusTotal relations pivot
push[.]shorecourt[.]lol,domain,revstealer,https://www.elastic.co/security-labs/threat-command/revstealer-credential-harvesting-infostealer,VirusTotal relations pivot
push[.]widedisplay[.]click,domain,revstealer,https://www.elastic.co/security-labs/threat-command/revstealer-credential-harvesting-infostealer,VirusTotal relations pivot
registry[.]amberscreen[.]lol,domain,revstealer,https://www.elastic.co/security-labs/threat-command/revstealer-credential-harvesting-infostealer,VirusTotal relations pivot
rpc-proxy[.]xdefi[.]services,domain,revstealer,https://www.elastic.co/security-labs/threat-command/revstealer-credential-harvesting-infostealer,VirusTotal relations pivot
scheduler2[.]travel-scope[.]lol,domain,revstealer,https://www.elastic.co/security-labs/threat-command/revstealer-credential-harvesting-infostealer,VirusTotal relations pivot
stage[.]vibedisplay32[.]one,domain,revstealer,https://www.elastic.co/security-labs/threat-command/revstealer-credential-harvesting-infostealer,VirusTotal relations pivot
static4[.]livelab[.]one,domain,revstealer,https://www.elastic.co/security-labs/threat-command/revstealer-credential-harvesting-infostealer,VirusTotal relations pivot
store[.]framecove[.]lol,domain,revstealer,https://www.elastic.co/security-labs/threat-command/revstealer-credential-harvesting-infostealer,VirusTotal relations pivot
store[.]purestack[.]lol,domain,revstealer,https://www.elastic.co/security-labs/threat-command/revstealer-credential-harvesting-infostealer,VirusTotal relations pivot
store[.]titanboard[.]one,domain,revstealer,https://www.elastic.co/security-labs/threat-command/revstealer-credential-harvesting-infostealer,VirusTotal relations pivot
store0[.]renderring[.]lol,domain,revstealer,https://www.elastic.co/security-labs/threat-command/revstealer-credential-harvesting-infostealer,VirusTotal relations pivot
task[.]nextland18[.]lol,domain,revstealer,https://www.elastic.co/security-labs/threat-command/revstealer-credential-harvesting-infostealer,VirusTotal relations pivot
task[.]valley-north[.]lol,domain,revstealer,https://www.elastic.co/security-labs/threat-command/revstealer-credential-harvesting-infostealer,VirusTotal relations pivot
trace[.]eastbox[.]lol,domain,revstealer,https://www.elastic.co/security-labs/threat-command/revstealer-credential-harvesting-infostealer,VirusTotal relations pivot
upload[.]frost-ai[.]click,domain,revstealer,https://www.elastic.co/security-labs/threat-command/revstealer-credential-harvesting-infostealer,VirusTotal relations pivot
vault[.]amberseason79[.]click,domain,revstealer,https://www.elastic.co/security-labs/threat-command/revstealer-credential-harvesting-infostealer,VirusTotal relations pivot
vault[.]fasthub[.]sbs,domain,revstealer,https://www.elastic.co/security-labs/threat-command/revstealer-credential-harvesting-infostealer,VirusTotal relations pivot
vault8[.]brighttempo[.]lol,domain,revstealer,https://www.elastic.co/security-labs/threat-command/revstealer-credential-harvesting-infostealer,VirusTotal relations pivot
watch[.]common-store[.]lol,domain,revstealer,https://www.elastic.co/security-labs/threat-command/revstealer-credential-harvesting-infostealer,VirusTotal relations pivot
web3[.]cdnhq[.]sbs,domain,revstealer,https://www.elastic.co/security-labs/threat-command/revstealer-credential-harvesting-infostealer,VirusTotal relations pivot
worker[.]ivoryboard[.]lol,domain,revstealer,https://www.elastic.co/security-labs/threat-command/revstealer-credential-harvesting-infostealer,VirusTotal relations pivot; Resolved to 104.143.36.164
xofqaabf[.]ogoxxqqizc[.]xyz,domain,revstealer,https://www.elastic.co/security-labs/threat-command/revstealer-credential-harvesting-infostealer,VirusTotal relations pivot; Resolved to 104.143.36.164
api[.]autoscope[.]sbs,domain,revstealer,https://www.elastic.co/security-labs/threat-command/revstealer-credential-harvesting-infostealer,Resolved deaddrop
eth[.]cchain-gov[.]org,domain,revstealer,https://www.elastic.co/security-labs/threat-command/revstealer-credential-harvesting-infostealer,Resolved to 104.143.36.164
eth[.]cchaingov[.]org,domain,revstealer,https://www.elastic.co/security-labs/threat-command/revstealer-credential-harvesting-infostealer,Resolved to 104.143.36.164
eth[.]youthchain[.]cc,domain,revstealer,https://www.elastic.co/security-labs/threat-command/revstealer-credential-harvesting-infostealer,Resolved to 104.143.36.164
bnb[.]youthchain[.]cc,domain,revstealer,https://www.elastic.co/security-labs/threat-command/revstealer-credential-harvesting-infostealer,Resolved to 104.143.36.164
bnb-proxy[.]cchain-gov[.]org,domain,revstealer,https://www.elastic.co/security-labs/threat-command/revstealer-credential-harvesting-infostealer,Resolved to 104.143.36.164
tech[.]cchain-gov[.]org,domain,revstealer,https://www.elastic.co/security-labs/threat-command/revstealer-credential-harvesting-infostealer,Resolved to 104.143.36.164
bnb[.]cchain-gov[.]org,domain,revstealer,https://www.elastic.co/security-labs/threat-command/revstealer-credential-harvesting-infostealer,Resolved to 104.143.36.164
labubu[.]cchain-gov[.]org,domain,revstealer,https://www.elastic.co/security-labs/threat-command/revstealer-credential-harvesting-infostealer,Resolved to 104.143.36.164
swap[.]cchain-gov[.]org,domain,revstealer,https://www.elastic.co/security-labs/threat-command/revstealer-credential-harvesting-infostealer,Resolved to 104.143.36.164
home[.]cchain-gov[.]org,domain,revstealer,https://www.elastic.co/security-labs/threat-command/revstealer-credential-harvesting-infostealer,Resolved to 104.143.36.164
cross[.]cchain-gov[.]org,domain,revstealer,https://www.elastic.co/security-labs/threat-command/revstealer-credential-harvesting-infostealer,Resolved to 104.143.36.164
ccadm[.]cchain-gov[.]org,domain,revstealer,https://www.elastic.co/security-labs/threat-command/revstealer-credential-harvesting-infostealer,Resolved to 104.143.36.164
mine[.]cchain-gov[.]org,domain,revstealer,https://www.elastic.co/security-labs/threat-command/revstealer-credential-harvesting-infostealer,Resolved to 104.143.36.164
down[.]cchain-gov[.]org,domain,revstealer,https://www.elastic.co/security-labs/threat-command/revstealer-credential-harvesting-infostealer,Resolved to 104.143.36.164
oc[.]cchain-gov[.]org,domain,revstealer,https://www.elastic.co/security-labs/threat-command/revstealer-credential-harvesting-infostealer,Resolved to 104.143.36.164
scan[.]cchain-gov[.]org,domain,revstealer,https://www.elastic.co/security-labs/threat-command/revstealer-credential-harvesting-infostealer,Resolved to 104.143.36.164
bnb[.]cchaingov[.]org,domain,revstealer,https://www.elastic.co/security-labs/threat-command/revstealer-credential-harvesting-infostealer,Resolved to 104.143.36.164
help[.]cchaingov[.]org,domain,revstealer,https://www.elastic.co/security-labs/threat-command/revstealer-credential-harvesting-infostealer,Resolved to 104.143.36.164
bnb-proxy[.]cchaingov[.]org,domain,revstealer,https://www.elastic.co/security-labs/threat-command/revstealer-credential-harvesting-infostealer,Resolved to 104.143.36.164
dscc[.]undcf[.]org,domain,revstealer,https://www.elastic.co/security-labs/threat-command/revstealer-credential-harvesting-infostealer,Resolved to 104.143.36.164
sso[.]travel-track[.]xyz,domain,revstealer,https://www.elastic.co/security-labs/threat-command/revstealer-credential-harvesting-infostealer,Resolved deaddrop
setup3[.]basepath[.]click,domain,revstealer,https://www.elastic.co/security-labs/threat-command/revstealer-credential-harvesting-infostealer,Resolved deaddrop
fvlrzhvp[.]gopfunzved[.]xyz,domain,revstealer,https://www.elastic.co/security-labs/threat-command/revstealer-credential-harvesting-infostealer,Resolved deaddrop
dxfshr[.]vqbgzyzool[.]xyz,domain,revstealer,https://www.elastic.co/security-labs/threat-command/revstealer-credential-harvesting-infostealer,Resolved deaddrop
hub4[.]cdndock[.]click,domain,revstealer,https://www.elastic.co/security-labs/threat-command/revstealer-credential-harvesting-infostealer,Resolved deaddrop
init[.]maxlab[.]click,domain,revstealer,https://www.elastic.co/security-labs/threat-command/revstealer-credential-harvesting-infostealer,Resolved deaddrop
dlpgqy[.]nibxrsnrwl[.]xyz,domain,revstealer,https://www.elastic.co/security-labs/threat-command/revstealer-credential-harvesting-infostealer,Resolved deaddrop
gzsfjf[.]lnwybaxiex[.]xyz,domain,revstealer,https://www.elastic.co/security-labs/threat-command/revstealer-credential-harvesting-infostealer,Resolved deaddrop
dsukc[.]xvnnbzdfbt[.]xyz,domain,revstealer,https://www.elastic.co/security-labs/threat-command/revstealer-credential-harvesting-infostealer,Resolved deaddrop
feed3[.]deltasignal33[.]lat,domain,revstealer,https://www.elastic.co/security-labs/threat-command/revstealer-credential-harvesting-infostealer,Resolved deaddrop
easzcme[.]jnzwrngjgb[.]xyz,domain,revstealer,https://www.elastic.co/security-labs/threat-command/revstealer-credential-harvesting-infostealer,Resolved deaddrop
umxenpws[.]jqmbtkacwq[.]xyz,domain,revstealer,https://www.elastic.co/security-labs/threat-command/revstealer-credential-harvesting-infostealer,Resolved deaddrop
mail[.]pressfabric[.]lol,domain,revstealer,https://www.elastic.co/security-labs/threat-command/revstealer-credential-harvesting-infostealer,Resolved deaddrop
ping[.]south-loop[.]click,domain,revstealer,https://www.elastic.co/security-labs/threat-command/revstealer-credential-harvesting-infostealer,Resolved deaddrop
stream1[.]benchhq60[.]xyz,domain,revstealer,https://www.elastic.co/security-labs/threat-command/revstealer-credential-harvesting-infostealer,Resolved deaddrop
index[.]works-table[.]one,domain,revstealer,https://www.elastic.co/security-labs/threat-command/revstealer-credential-harvesting-infostealer,Resolved deaddrop
console[.]plan-stack2[.]click,domain,revstealer,https://www.elastic.co/security-labs/threat-command/revstealer-credential-harvesting-infostealer,Resolved deaddrop
gate[.]runmanor[.]click,domain,revstealer,https://www.elastic.co/security-labs/threat-command/revstealer-credential-harvesting-infostealer,Resolved deaddrop
resolve[.]blue-pulse[.]lol,domain,revstealer,https://www.elastic.co/security-labs/threat-command/revstealer-credential-harvesting-infostealer,Resolved deaddrop
panel[.]roamcove[.]click,domain,revstealer,https://www.elastic.co/security-labs/threat-command/revstealer-credential-harvesting-infostealer,Resolved deaddrop
setup[.]novareport[.]click,domain,revstealer,https://www.elastic.co/security-labs/threat-command/revstealer-credential-harvesting-infostealer,Resolved deaddrop
console[.]reefware[.]xyz,domain,revstealer,https://www.elastic.co/security-labs/threat-command/revstealer-credential-harvesting-infostealer,Resolved deaddrop
init[.]drifttexture[.]xyz,domain,revstealer,https://www.elastic.co/security-labs/threat-command/revstealer-credential-harvesting-infostealer,Resolved deaddrop
core3[.]barnfleet[.]one,domain,revstealer,https://www.elastic.co/security-labs/threat-command/revstealer-credential-harvesting-infostealer,Resolved deaddrop
job4[.]mintstack[.]lol,domain,revstealer,https://www.elastic.co/security-labs/threat-command/revstealer-credential-harvesting-infostealer,Resolved deaddrop
bridge1[.]shore-tile[.]lol,domain,revstealer,https://www.elastic.co/security-labs/threat-command/revstealer-credential-harvesting-infostealer,Resolved deaddrop
dash4[.]dusktrack[.]one,domain,revstealer,https://www.elastic.co/security-labs/threat-command/revstealer-credential-harvesting-infostealer,Resolved deaddrop
worker[.]swift-pilot[.]one,domain,revstealer,https://www.elastic.co/security-labs/threat-command/revstealer-credential-harvesting-infostealer,Resolved deaddrop
beta[.]studycadence[.]one,domain,revstealer,https://www.elastic.co/security-labs/threat-command/revstealer-credential-harvesting-infostealer,Resolved deaddrop
app[.]basecreek35[.]live,domain,revstealer,https://www.elastic.co/security-labs/threat-command/revstealer-credential-harvesting-infostealer,Resolved deaddrop
hub[.]havenfleet[.]lol,domain,revstealer,https://www.elastic.co/security-labs/threat-command/revstealer-credential-harvesting-infostealer,Resolved deaddrop
admin[.]get-coast[.]xyz,domain,revstealer,https://www.elastic.co/security-labs/threat-command/revstealer-credential-harvesting-infostealer,VT sample 7b440859fa1d8e148a8e500e53b6cb3d99869bcdbece4be3f1760483b6f18360 extracted
admin7[.]sigmacadence[.]lol,domain,revstealer,https://www.elastic.co/security-labs/threat-command/revstealer-credential-harvesting-infostealer,VT sample 784f836b3a3e5b41249a5b4b7538594a3244fd95aee5c86142c822b8922424db extracted
alkjjh[.]olgrofwz[.]xyz,domain,revstealer,https://www.elastic.co/security-labs/threat-command/revstealer-credential-harvesting-infostealer,VT sample 602bb6e08b4baac8c09efad04d6c46a855be84948bddf4855ad8b3d5e4c92047 extracted
api[.]dawnline16[.]lol,domain,revstealer,https://www.elastic.co/security-labs/threat-command/revstealer-credential-harvesting-infostealer,VT sample c09722a6eae166f83036bf5452d9554a12a357056d74b1b8b11c19bc0bf03a2f extracted
archive[.]mintfair[.]click,domain,revstealer,https://www.elastic.co/security-labs/threat-command/revstealer-credential-harvesting-infostealer,VT sample 58e5a0d68866edba8ac37a9691a498456c20192ac28b91e5f1a03bf6839d0016 extracted
auth[.]warmgroup82[.]one,domain,revstealer,https://www.elastic.co/security-labs/threat-command/revstealer-credential-harvesting-infostealer,VT sample d265a46c005436ea221f4bc4e4abb410e72d8a85eefea92205254d1e2a76bd4b extracted
auth0[.]bluecenter65[.]lol,domain,revstealer,https://www.elastic.co/security-labs/threat-command/revstealer-credential-harvesting-infostealer,VT sample 61c83bd21f5a7e2614fea093d085c13fd781d6976c507dd5b04cb44b2a2e6df8 extracted
backup[.]lindenreport56[.]one,domain,revstealer,https://www.elastic.co/security-labs/threat-command/revstealer-credential-harvesting-infostealer,VT sample 169353fe72d02ab18757429a7a84c2d52e278e727c9ba9001ded9003af130bf2 extracted
beta[.]bakerydepot[.]one,domain,revstealer,https://www.elastic.co/security-labs/threat-command/revstealer-credential-harvesting-infostealer,VT sample 8a86f9a2656335d755b5cc429e5c66230a98eaaf54ac4567db51a5994d0efbf8 extracted
beta[.]dev-kit[.]click,domain,revstealer,https://www.elastic.co/security-labs/threat-command/revstealer-credential-harvesting-infostealer,VT sample 57b604776a20db0fab589455b2afddea7ceccfa57f760111961ee803171585cd extracted
board[.]blueden[.]lol,domain,revstealer,https://www.elastic.co/security-labs/threat-command/revstealer-credential-harvesting-infostealer,VT sample 5800c47942e1e468ebddf55a56dd91787c0b6a7958b98135f6bbc3da867e0bde extracted
board[.]canvasreport64[.]click,domain,revstealer,https://www.elastic.co/security-labs/threat-command/revstealer-credential-harvesting-infostealer,VT sample 9dfa29653309ca560821376a05386572925016c1783e0f734b896c82e7d4082d extracted
board[.]gardenland21[.]lol,domain,revstealer,https://www.elastic.co/security-labs/threat-command/revstealer-credential-harvesting-infostealer,VT sample 984f4920c16796aa3fd2f1c849b6297d47520bfc21a2ba225351ecd80b2a27df extracted
board[.]go-frame89[.]one,domain,revstealer,https://www.elastic.co/security-labs/threat-command/revstealer-credential-harvesting-infostealer,VT sample 0bcbafcf3c67fa4eaffb5c33477717072c505a80c99c2400aa51967b1ddf91b8 extracted
board[.]meadow-fair[.]one,domain,revstealer,https://www.elastic.co/security-labs/threat-command/revstealer-credential-harvesting-infostealer,VT sample 2440d02f1f2c20f14360706e37fe4c06d23786fb52e1e3be406aed5eecd027b0 extracted
board0[.]atlasmanor[.]lol,domain,revstealer,https://www.elastic.co/security-labs/threat-command/revstealer-credential-harvesting-infostealer,VT sample b065dfd359a8692062faef113faa21563d1749ac0fb1e8f3a265214ad195813b extracted
bridge6[.]maplereport[.]lol,domain,revstealer,https://www.elastic.co/security-labs/threat-command/revstealer-credential-harvesting-infostealer,VT sample 455043e068b780537fa13e74dda3b089bab340c5c405411745db1e1c48c1f882 extracted
cache6[.]techjournal0[.]xyz,domain,revstealer,https://www.elastic.co/security-labs/threat-command/revstealer-credential-harvesting-infostealer,VT sample 6c2cf9ae6ae14fd39e52af65c8aad37a7b2ac753b3a36ccf16b9e2559be049c5 extracted
catalog[.]learnjournal[.]lol,domain,revstealer,https://www.elastic.co/security-labs/threat-command/revstealer-credential-harvesting-infostealer,VT sample 4009e81f2e23af29d3dc4ccd632fb323c7fe4ba5c337edc1a1da051dfe4298a9 extracted
cdn[.]willowstack[.]lol,domain,revstealer,https://www.elastic.co/security-labs/threat-command/revstealer-credential-harvesting-infostealer,VT sample 55eae89c1dbd72847041c612477118b958eeb686cd7b57583037eaff65e6d8fd extracted
check[.]mentor-square80[.]click,domain,revstealer,https://www.elastic.co/security-labs/threat-command/revstealer-credential-harvesting-infostealer,VT sample 3b57ab50cfb6e7edc2710211117fb75697ca7e0152c1c3ec18de2c354a3b40c5 extracted
check2[.]voyagering45[.]click,domain,revstealer,https://www.elastic.co/security-labs/threat-command/revstealer-credential-harvesting-infostealer,VT sample ca913eb77b322af18c1a9b8b64aeee6f95a967b340ca2e6a2af00b05b9f3beae extracted
config[.]county-box[.]one,domain,revstealer,https://www.elastic.co/security-labs/threat-command/revstealer-credential-harvesting-infostealer,VT sample 9a66e9714df1fcfd0ea5703a4adf34096818a4e3f76db72557926f71fa5ceebb extracted
config7[.]quest-gallery[.]lol,domain,revstealer,https://www.elastic.co/security-labs/threat-command/revstealer-credential-harvesting-infostealer,VT sample 91338ffdd187f7e535e43fba991948c65017c3d19a2f82e78d42b179b8cabd90 extracted
connect[.]net-byte31[.]cfd,domain,revstealer,https://www.elastic.co/security-labs/threat-command/revstealer-credential-harvesting-infostealer,VT sample 9311fe8087ebc04022ca1f325dbe042f2e8149ab61b90ac7acc7a01350e187d1 extracted
connect[.]questatlas[.]one,domain,revstealer,https://www.elastic.co/security-labs/threat-command/revstealer-credential-harvesting-infostealer,VT sample bc7cc589c11c9c44867a3a48aa975a7cfd92b9081a3a5e11df485fdb1d31424b extracted
connect2[.]cdn-form46[.]click,domain,revstealer,https://www.elastic.co/security-labs/threat-command/revstealer-credential-harvesting-infostealer,VT sample 9aa264000206cd4dbefc823da4622e9d7c1c1ff89873ee59c9d8d68c8608183a extracted
core[.]roastden[.]lol,domain,revstealer,https://www.elastic.co/security-labs/threat-command/revstealer-credential-harvesting-infostealer,VT sample 887506cfab283c2510409aed82b2eba319cf943ef48157c246d481026c2bc318 extracted
core[.]titan-logic[.]xyz,domain,revstealer,https://www.elastic.co/security-labs/threat-command/revstealer-credential-harvesting-infostealer,VT sample adbf190d8ff71f547186d0896b50581f63f2a730f38f9dd32f967318a99e83d0 extracted
core4[.]public-works[.]lol,domain,revstealer,https://www.elastic.co/security-labs/threat-command/revstealer-credential-harvesting-infostealer,VT sample e3ec25b9a37e4da1c149cb11e31f443bb38ad512be8e5739dee57161f15addbb extracted
cron[.]field-daily[.]lol,domain,revstealer,https://www.elastic.co/security-labs/threat-command/revstealer-credential-harvesting-infostealer,VT sample f6988e85e3e353f606e70dea188c09bdad475dcdfb5112473540188967b76107 extracted
cron1[.]winter-tile[.]one,domain,revstealer,https://www.elastic.co/security-labs/threat-command/revstealer-credential-harvesting-infostealer,VT sample c89c1060c3a35a8ad200abe022e981fc1571780e5251c2e3e4117edbd0d61b56 extracted
deploy[.]mentor-garden[.]click,domain,revstealer,https://www.elastic.co/security-labs/threat-command/revstealer-credential-harvesting-infostealer,VT sample 1d95a4da0e9e237a076605ef0cb24d978f380242b148b4dc95b3348f5ec7cfd9 extracted
dev[.]boltreef36[.]lol,domain,revstealer,https://www.elastic.co/security-labs/threat-command/revstealer-credential-harvesting-infostealer,VT sample a25f409e77aab6ea0b9b5830093b1dd104aa5dd08d2b188a762eeec1dbedb57a extracted
docs[.]journey-pattern[.]lol,domain,revstealer,https://www.elastic.co/security-labs/threat-command/revstealer-credential-harvesting-infostealer,VT sample 59f98500c08acee1426d564bdcea74fb062256c1ef5ca2562829f6f949e2ee98 extracted
dsukc[.]ojxfyazsfs[.]xyz,domain,revstealer,https://www.elastic.co/security-labs/threat-command/revstealer-credential-harvesting-infostealer,VT sample 7b186c1ce6020bef887829c30e3b571e3f9dd9a56bf32376eca1be1fc853cb49 extracted
edge2[.]nodeweather48[.]xyz,domain,revstealer,https://www.elastic.co/security-labs/threat-command/revstealer-credential-harvesting-infostealer,VT sample 5701ea0161116a68686f68b69a76e6f26ab0182cdd7a8d5b42a1108d8f220f8a extracted
feed[.]ruralland[.]lol,domain,revstealer,https://www.elastic.co/security-labs/threat-command/revstealer-credential-harvesting-infostealer,VT sample 402fe15485f8ebbfda021bc5571c4a36372cb12ad2d6ddb5d6c866c6943f2065 extracted
feed[.]sync-canvas[.]click,domain,revstealer,https://www.elastic.co/security-labs/threat-command/revstealer-credential-harvesting-infostealer,VT sample 2bf47ec9ef2c0e5c2daf8f49bfce609739b3d48ea4d656f43b65d269b9c09d71 extracted
feed5[.]havensource7[.]click,domain,revstealer,https://www.elastic.co/security-labs/threat-command/revstealer-credential-harvesting-infostealer,VT sample 359c83b8e8bd1b471c9518dc7c36426997f5b66585d1abab93f8d1c68815aaf0 extracted
feed6[.]learnsource[.]click,domain,revstealer,https://www.elastic.co/security-labs/threat-command/revstealer-credential-harvesting-infostealer,VT sample 4b9dc40b1d49442d71bff0d26b4c0a16e6def94c6fe38caa0f2562ccc84836a3 extracted
files[.]set-ai[.]lol,domain,revstealer,https://www.elastic.co/security-labs/threat-command/revstealer-credential-harvesting-infostealer,VT sample f8f89c26f5f5351e841d4da9035efc406727fcb43fbc706cb35d0167e216318a extracted
files6[.]appspark[.]one,domain,revstealer,https://www.elastic.co/security-labs/threat-command/revstealer-credential-harvesting-infostealer,VT sample 732342a486ec8390cf8931594ca700b089ed7eabfd665937ab033e2de2358bf8 extracted
gate[.]arch-reef[.]cfd,domain,revstealer,https://www.elastic.co/security-labs/threat-command/revstealer-credential-harvesting-infostealer,VT sample 3742ae93080059705a92b61c225480b21371e941113f9cff078aaa26a1edef15 extracted
gate[.]snap-land79[.]xyz,domain,revstealer,https://www.elastic.co/security-labs/threat-command/revstealer-credential-harvesting-infostealer,VT sample 00f234baa21d23104079dc99607f66dc3f01ebe2e4d5a92162c20bae99f62da4 extracted
gpvmgz[.]gfnmsxylyq[.]xyz,domain,revstealer,https://www.elastic.co/security-labs/threat-command/revstealer-credential-harvesting-infostealer,VT sample 4a3c21674b66ad19277fd5f15d0a46d56596d3b1d7712971d3947d6328bb96d5 extracted
gpvmgz[.]jgjatxfdew[.]xyz,domain,revstealer,https://www.elastic.co/security-labs/threat-command/revstealer-credential-harvesting-infostealer,VT sample d271756a3a1cc110555741fdb23e39405af50ea2929942aa3d3f26655d96192d extracted
gpvmgz[.]tgjrmwmkty[.]xyz,domain,revstealer,https://www.elastic.co/security-labs/threat-command/revstealer-credential-harvesting-infostealer,VT sample 129ebe91798bb584c8cc0a0417a3935ccf29579ffcca05af77849f63993bbb0f extracted
guard[.]fast-store[.]lol,domain,revstealer,https://www.elastic.co/security-labs/threat-command/revstealer-credential-harvesting-infostealer,VT sample ad8582b00c506fc81c0ed4049e4b9f950d191603cdc0e0f6ae7f01cc82f522e9 extracted
health[.]cove-logic[.]lol,domain,revstealer,https://www.elastic.co/security-labs/threat-command/revstealer-credential-harvesting-infostealer,VT sample 85f9a39f5ff6fb57eeea453aca11bdd7c0a84870359e8b19b1ea5bb04ed2a644 extracted
init[.]scoutpanel8[.]xyz,domain,revstealer,https://www.elastic.co/security-labs/threat-command/revstealer-credential-harvesting-infostealer,VT sample e5760570452773ea20594d25c421ce8df41af732c9bd54a9cf02c0fd9853d385 extracted
ivsywzg[.]cffmiacich[.]xyz,domain,revstealer,https://www.elastic.co/security-labs/threat-command/revstealer-credential-harvesting-infostealer,VT sample 65d625d3bec3ecd7eb4c1ba6b108c7ac308c7cf9d72fec31680243bffad26cdd extracted
job[.]wideline[.]lol,domain,revstealer,https://www.elastic.co/security-labs/threat-command/revstealer-credential-harvesting-infostealer,VT sample 132abc398342623aa6e7787214953d4f55696e266688cd7604833ca100525404 extracted
jvkq[.]hmtvksxopr[.]xyz,domain,revstealer,https://www.elastic.co/security-labs/threat-command/revstealer-credential-harvesting-infostealer,VT sample a8161839bcbfe46c7550e1bb410220abbc72a0a9bf3d38c53ac4eadb2f337d77 extracted
lab5[.]wave-fabric[.]one,domain,revstealer,https://www.elastic.co/security-labs/threat-command/revstealer-credential-harvesting-infostealer,VT sample a52c95aa2b6b413780169aad6085600d1e35f1c1263e107f0969ab99620d3d69 extracted
link[.]stillcreek[.]lol,domain,revstealer,https://www.elastic.co/security-labs/threat-command/revstealer-credential-harvesting-infostealer,VT sample 790c4d8024f2426733dfbfe39e707e38a275548f8180993918eda5745e231c74 extracted
media6[.]bloomoutlet[.]lol,domain,revstealer,https://www.elastic.co/security-labs/threat-command/revstealer-credential-harvesting-infostealer,VT sample ec3718e8d52abbe0feb9d392912e9f3f4520ffb39882420193e4f820eec9adfa extracted
meta[.]max-pattern[.]lol,domain,revstealer,https://www.elastic.co/security-labs/threat-command/revstealer-credential-harvesting-infostealer,VT sample d0c40ddcc507117d72c925fc3a167e72c798f1d725be487da90f313cc17b4163 extracted
meta[.]study-run[.]xyz,domain,revstealer,https://www.elastic.co/security-labs/threat-command/revstealer-credential-harvesting-infostealer,VT sample 9c8ee625bd6ff9e6914f2fe1f5b7695d39c91d101c2bb3eba5507a3c07551826 extracted
meta1[.]net-weather[.]lol,domain,revstealer,https://www.elastic.co/security-labs/threat-command/revstealer-credential-harvesting-infostealer,VT sample a5c4700e28ec2bb14c43e4f7b26fd47c0641621766a49a5d4b38b6764708549d extracted
meta7[.]archscreen68[.]one,domain,revstealer,https://www.elastic.co/security-labs/threat-command/revstealer-credential-harvesting-infostealer,VT sample d90e1121ecda478415d17efcd74cdd01eaae6e0a7b2720d83cae4f3d682e4d08 extracted
node[.]sparkstage[.]click,domain,revstealer,https://www.elastic.co/security-labs/threat-command/revstealer-credential-harvesting-infostealer,VT sample 800b9fac885c380e9a80695f319313c58c70b700e4c423485aa07f4217539984 extracted
panel[.]nodecore[.]one,domain,revstealer,https://www.elastic.co/security-labs/threat-command/revstealer-credential-harvesting-infostealer,VT sample 0cf2903118823309e3b06b9469e975ce78a478f836b8f00857c7285e0370e6f2 extracted
panel[.]summerport[.]click,domain,revstealer,https://www.elastic.co/security-labs/threat-command/revstealer-credential-harvesting-infostealer,VT sample 79f493fb36d2b3297568c30b29600d16c7338e37c9e3f09111fa9d254311046d extracted
ping[.]pressgrove[.]one,domain,revstealer,https://www.elastic.co/security-labs/threat-command/revstealer-credential-harvesting-infostealer,VT sample 72bc6dca0bb654b8e64dbdb598f0eae48677b17d4e533f35a61aa70967401ba6 extracted
pjpli[.]msprnmru[.]xyz,domain,revstealer,https://www.elastic.co/security-labs/threat-command/revstealer-credential-harvesting-infostealer,VT sample 885a8e7dc19683ebb1d400da2a99870df17f0f0829dd6fc4420915397997fe0a extracted
pjpli[.]ofuigocm[.]xyz,domain,revstealer,https://www.elastic.co/security-labs/threat-command/revstealer-credential-harvesting-infostealer,VT sample 00144bcb4460a190eb256de79a219205581e21af69fd65593af18bc522524bd4 extracted
polygon[.]ifaqpfzro[.]xyz,domain,revstealer,https://www.elastic.co/security-labs/threat-command/revstealer-credential-harvesting-infostealer,VT sample e79d76f2a4bf473a1ad1a089c8b4d5c719e8868cec44bbfdb2abbbbfa8368357 extracted
polygon[.]ikwppav[.]xyz,domain,revstealer,https://www.elastic.co/security-labs/threat-command/revstealer-credential-harvesting-infostealer,VT sample d453f1ade8be181527a405aaf956084f8eadb8c8f4c0b3f37f1d6267e0840385 extracted
polygon[.]iwacqyunss[.]xyz,domain,revstealer,https://www.elastic.co/security-labs/threat-command/revstealer-credential-harvesting-infostealer,VT sample 510af0ff185377e9c55ef7e532ef8158c3f710f11d61c04acd39a60aeb4b2c00 extracted
polygon[.]iwmukj[.]xyz,domain,revstealer,https://www.elastic.co/security-labs/threat-command/revstealer-credential-harvesting-infostealer,VT sample d29f17bcf2c70bba5df7ecc47bfb0c098c0840b381ea8e7f351c8ff2bf01f87d extracted
polygon[.]katoglwsis[.]xyz,domain,revstealer,https://www.elastic.co/security-labs/threat-command/revstealer-credential-harvesting-infostealer,VT sample 2b96fd1ce17a38c0c7491a00313d9f2da87b4eea7249bec1974747fa984f43c8 extracted
polygon[.]kxmngt[.]xyz,domain,revstealer,https://www.elastic.co/security-labs/threat-command/revstealer-credential-harvesting-infostealer,VT sample f089607834c7162240bb3aad9e224af95353e2889d646a7b922d15adc7f5df7a extracted
polygon[.]laqffcfkzx[.]xyz,domain,revstealer,https://www.elastic.co/security-labs/threat-command/revstealer-credential-harvesting-infostealer,VT sample 723432e92d06a14611d2af544e8a66db60e9a651693024241eae7a65d613180b extracted
polygon[.]maogpbklt[.]xyz,domain,revstealer,https://www.elastic.co/security-labs/threat-command/revstealer-credential-harvesting-infostealer,VT sample 47d7fc253726b50d498a1978295ae913b2dc5481ed52d53244a61b7eb71276c0 extracted
polygon[.]mbbflrbnfq[.]xyz,domain,revstealer,https://www.elastic.co/security-labs/threat-command/revstealer-credential-harvesting-infostealer,VT sample 83efee721c41e9891afaf3d2f39f4a80cb9873a60e80c39fc05ba715b34bdec3 extracted
polygon[.]mnyhgxda[.]xyz,domain,revstealer,https://www.elastic.co/security-labs/threat-command/revstealer-credential-harvesting-infostealer,VT sample 95a4477ec08fddd7b82ed400a3985a1259b08fa110c29c914cc57d59f69bae9c extracted
polygon[.]mxxuqgk[.]xyz,domain,revstealer,https://www.elastic.co/security-labs/threat-command/revstealer-credential-harvesting-infostealer,VT sample 5928d96aa2d8ec97475ae2d193842aea2a2c3ebbb6e665dbefa433c8b62e0806 extracted
polygon[.]npocvfs[.]xyz,domain,revstealer,https://www.elastic.co/security-labs/threat-command/revstealer-credential-harvesting-infostealer,VT sample fd53bf19fcf45f3b719af7b60f2d9c22a77f037999ae20d3345d6a668b071c1d extracted
polygon[.]pfxbukhsu[.]xyz,domain,revstealer,https://www.elastic.co/security-labs/threat-command/revstealer-credential-harvesting-infostealer,VT sample 4143f8cece299ec86df19539eb5e35ff5ac18d8fe1dd214868d8788a4e6c84c2 extracted
polygon[.]rstbtlkkj[.]xyz,domain,revstealer,https://www.elastic.co/security-labs/threat-command/revstealer-credential-harvesting-infostealer,VT sample 124d712fb1fa0e8cd7abfed5d7165c64405abc6ec042170183eab324eb39c707 extracted
polygon[.]tfkexl[.]xyz,domain,revstealer,https://www.elastic.co/security-labs/threat-command/revstealer-credential-harvesting-infostealer,VT sample 738fb2404b50650dc5bd178a6ab146279caa9054705d145f1d23a4be1c798757 extracted
polygon[.]xtxrndmx[.]xyz,domain,revstealer,https://www.elastic.co/security-labs/threat-command/revstealer-credential-harvesting-infostealer,VT sample 209a2c34de582b0578708f997b548080f8fc7d0560eca67262b4e0073a4031a6 extracted
polygon[.]ypjitbul[.]xyz,domain,revstealer,https://www.elastic.co/security-labs/threat-command/revstealer-credential-harvesting-infostealer,VT sample f7d2e1950e2a6b47f32ca7b26b243090a3a17c7cf16258b863d037ed8f7b28a1 extracted
polygon[.]zuqeqwb[.]xyz,domain,revstealer,https://www.elastic.co/security-labs/threat-command/revstealer-credential-harvesting-infostealer,VT sample b2a0d14672e3f61875b352303de59a68de7476f53ec941a4fd0d4e1036545bf2 extracted
pull[.]aspenlayer[.]lol,domain,revstealer,https://www.elastic.co/security-labs/threat-command/revstealer-credential-harvesting-infostealer,VT sample 7a3c3bbaaf9832ac16cde6a610d55215c355dda298b937d5e5627081b0a390e0 extracted
pull[.]widesync[.]sbs,domain,revstealer,https://www.elastic.co/security-labs/threat-command/revstealer-credential-harvesting-infostealer,VT sample 24499ba135ec87955cf1b3135dd654d09acff9eff714746385083e6d9d96e79d extracted
push[.]draft-pattern[.]click,domain,revstealer,https://www.elastic.co/security-labs/threat-command/revstealer-credential-harvesting-infostealer,VT sample dec6e5a2126384b628f19b4aed239242612c3ca7c30afcb783d476d4a3e9cd7a extracted
queue[.]flextrack[.]lol,domain,revstealer,https://www.elastic.co/security-labs/threat-command/revstealer-credential-harvesting-infostealer,VT sample 8c363e9a955bc4db113b574e641def9d9b0cb4c51efd4765d27865a04ba01ee9 extracted
queue[.]lunarbox72[.]lol,domain,revstealer,https://www.elastic.co/security-labs/threat-command/revstealer-credential-harvesting-infostealer,VT sample 74a7248236e389cc91026d67f173bc5e45d2a95d2d8dd8dfc28255e1fc3832ef extracted
registry[.]evercircle[.]click,domain,revstealer,https://www.elastic.co/security-labs/threat-command/revstealer-credential-harvesting-infostealer,VT sample de3ae6ccafa3e113aa77d1f8a1eb0a45ab4f0e8c5d1cb5695a48e2758431f091 extracted
relay[.]flowplay[.]lol,domain,revstealer,https://www.elastic.co/security-labs/threat-command/revstealer-credential-harvesting-infostealer,VT sample 14653d3361e6365eafc82c4bbfffeb26aa823b345641c304b26b7700a8bafd2c extracted
report[.]grovebyte[.]xyz,domain,revstealer,https://www.elastic.co/security-labs/threat-command/revstealer-credential-harvesting-infostealer,VT sample 96c4ce3c5c0fc11e2c45fcc75deb362b356f72dd29aab64c80af3dd0af15f4d8 extracted
resolve4[.]planpattern[.]xyz,domain,revstealer,https://www.elastic.co/security-labs/threat-command/revstealer-credential-harvesting-infostealer,VT sample 2f7c92634814c394155b535855a9e3711341048030ef8d590ca44d02909313a8 extracted
route[.]bloomlogic33[.]click,domain,revstealer,https://www.elastic.co/security-labs/threat-command/revstealer-credential-harvesting-infostealer,VT sample a777e6c5ac1b6dc0583e57786008a7e5a8b927aae260e6f443c65c4b0aec9d3a extracted
route[.]maxcircle98[.]one,domain,revstealer,https://www.elastic.co/security-labs/threat-command/revstealer-credential-harvesting-infostealer,VT sample 3f23ef9e07e62a532e0243c2ed6ed9aa591ad6d0de7352cbfe6ed0949efdf9e2 extracted
search[.]opencreek61[.]lol,domain,revstealer,https://www.elastic.co/security-labs/threat-command/revstealer-credential-harvesting-infostealer,VT sample 5c5e6bbcc797723da28b13d0ae2afcc967f4f7b6527d1f12dc6600e24269d8a7 extracted
search[.]warm-reef[.]lol,domain,revstealer,https://www.elastic.co/security-labs/threat-command/revstealer-credential-harvesting-infostealer,VT sample 3fb495006936bd35833da3af26e198a39f67ffd6beec33dc4e7c8d492693e8ce extracted
stage[.]explorequarter[.]xyz,domain,revstealer,https://www.elastic.co/security-labs/threat-command/revstealer-credential-harvesting-infostealer,VT sample d8ee5116eefd6c9c8fffb5ca1d820d101c01abbf98f77f1ebd1a50e4708f3c2b extracted
stage[.]westring[.]lol,domain,revstealer,https://www.elastic.co/security-labs/threat-command/revstealer-credential-harvesting-infostealer,VT sample da20c791599b0fa84f91d1643c934048835f2bf0d951aff7e5becc17c25c00ad extracted
stat9[.]brightmanor[.]lol,domain,revstealer,https://www.elastic.co/security-labs/threat-command/revstealer-credential-harvesting-infostealer,VT sample 91cb5ecdbde45210a636fdcf820c11918b6648721e3ab1cbafda2f7122d65a7b extracted
static9[.]loomscope[.]click,domain,revstealer,https://www.elastic.co/security-labs/threat-command/revstealer-credential-harvesting-infostealer,VT sample ecf5978de70bb792451948dfa329951d2f63cee8e546bef9198de4f49a337cf8 extracted
static9[.]sketchview[.]xyz,domain,revstealer,https://www.elastic.co/security-labs/threat-command/revstealer-credential-harvesting-infostealer,VT sample 098acbfc59b9515c7e7e430776ed5855b432f1a5f298bf455829644bede322de extracted
status[.]creek-place[.]one,domain,revstealer,https://www.elastic.co/security-labs/threat-command/revstealer-credential-harvesting-infostealer,VT sample 61a77951a61e9bbfedeb3e80592135e5dfe2a6b1a1d02b2c45624151a8730ff4 extracted
store[.]pixelpattern[.]click,domain,revstealer,https://www.elastic.co/security-labs/threat-command/revstealer-credential-harvesting-infostealer,VT sample bd08adf7dfeeae948451aed0400f9368f84aadd72a9a26b0be135a958a6eaa1b extracted
stream[.]omegazone92[.]lol,domain,revstealer,https://www.elastic.co/security-labs/threat-command/revstealer-credential-harvesting-infostealer,VT sample af2517bcc9e853d42238f05e7daae11d51737516c27aa3644cc04b90595864ae extracted
sync[.]aspenframe[.]lol,domain,revstealer,https://www.elastic.co/security-labs/threat-command/revstealer-credential-harvesting-infostealer,VT sample 8d019be21457ef023703c7a58049fc1e4b454fb0142b730907066920e87bd08f extracted
task[.]mintpixel[.]one,domain,revstealer,https://www.elastic.co/security-labs/threat-command/revstealer-credential-harvesting-infostealer,VT sample 9ba62d369d92da497451b52d0ad63e70f7ac3e1659252e8b1315c6da85b7d74c extracted
task[.]thrivegrid95[.]click,domain,revstealer,https://www.elastic.co/security-labs/threat-command/revstealer-credential-harvesting-infostealer,VT sample 87a351298fb95b08a67dd3ade2903a695ade41aae570fffaf17154f67f680462 extracted
trace[.]swiftsquare[.]one,domain,revstealer,https://www.elastic.co/security-labs/threat-command/revstealer-credential-harvesting-infostealer,VT sample 7880e2a2f65677fb771bedf6d11210601fd507c2ce98e287a06c40d6e0d180b0 extracted
tunnel[.]jadecreek[.]lol,domain,revstealer,https://www.elastic.co/security-labs/threat-command/revstealer-credential-harvesting-infostealer,VT sample cf9a956c92a77d0c0d37c997abae3e5ddac93493606e44c9810dc5148cf43134 extracted
tunnel[.]onyx-haven[.]click,domain,revstealer,https://www.elastic.co/security-labs/threat-command/revstealer-credential-harvesting-infostealer,VT sample c062c852dcc744811872fdeaabae0daf0de5f5a771cf29a1a15e0d32647e0e5a extracted
vault[.]app-commons[.]lat,domain,revstealer,https://www.elastic.co/security-labs/threat-command/revstealer-credential-harvesting-infostealer,VT sample b0c855558866101e8480cab2a7f7f2fb9da37fd5b1fda63361e99e24a7cd4d85 extracted
vault[.]appform[.]click,domain,revstealer,https://www.elastic.co/security-labs/threat-command/revstealer-credential-harvesting-infostealer,VT sample 73a1d7108b0bbcb622896d31f1fbf896dcab5d1a7976cfde18a29ceab89877a1 extracted
vault[.]rungarden[.]one,domain,revstealer,https://www.elastic.co/security-labs/threat-command/revstealer-credential-harvesting-infostealer,VT sample f8ff6a83ffea846259ff8c731ca23a08ac8af74638623cfc33e67c1ce1f3288b extracted
worker[.]metrobyte[.]lol,domain,revstealer,https://www.elastic.co/security-labs/threat-command/revstealer-credential-harvesting-infostealer,VT sample 4a8458f53301f8fd2c3ef61e20fdd03150f994be69d201cc3fca21fee6d0b943 extracted
worker1[.]commonteam4[.]one,domain,revstealer,https://www.elastic.co/security-labs/threat-command/revstealer-credential-harvesting-infostealer,VT sample 1a3c96ae96d7bf5a919b4da10a2f3c4e09d73baa03be6cb15e64844afcaeae45 extracted
